resource_id,quality_level,price
1,0,0.24524489627036536
1,1,0.24683856877826282
1,2,0.2484322412861603
1,3,0.25002591379405775
1,4,0.2516195863019552
1,5,0.2532132588098527
1,6,0.2548069313177501
1,7,0.2564006038256476
1,8,0.25799427633354505
1,9,0.25958794884144254
1,10,0.26118162134934
1,11,0.26277529385723747
1,12,0.2643689663651349
2,0,0.3035203651929975
2,1,0.3351099241686019
2,2,0.3666994831442063
2,3,0.39828904211981064
2,4,0.42987860109541504
2,5,0.46146816007101943
2,6,0.49305771904662377
2,7,0.5246472780222282
2,8,0.5562368369978326
2,9,0.5878263959734369
2,10,0.6194159549490413
2,11,0.6510055139246457
2,12,0.6825950729002501
3,0,1.735190432878375
3,1,2.0699150495875314
3,2,2.4046396662966885
3,3,2.7393642830058447
3,4,3.0740888997150018
3,5,3.408813516424158
3,6,3.743538133133315
3,7,4.078262749842471
3,8,4.412987366551628
3,9,4.747711983260785
3,10,5.082436599969942
3,11,5.417161216679098
3,12,5.751885833388255
4,0,2.0196661996710907
4,1,2.3290061076783175
4,2,2.638346015685544
4,3,2.9476859236927706
4,4,3.2570258316999974
4,5,3.566365739707224
4,6,3.875705647714451
4,7,4.185045555721677
4,8,4.494385463728904
4,9,4.803725371736131
4,10,5.113065279743358
4,11,5.422405187750584
4,12,5.731745095757811
5,0,2.1585600785885157
5,1,2.7027127153017543
5,2,3.246865352014993
5,3,3.7910179887282314
5,4,4.33517062544147
5,5,4.879323262154708
5,6,5.423475898867947
5,7,5.967628535581186
5,8,6.511781172294424
5,9,7.055933809007663
5,10,7.600086445720901
5,11,8.14423908243414
5,12,8.68839171914738
6,0,0.4808030849973119
6,1,0.6100404990410927
6,2,0.7392779130848735
6,3,0.8685153271286543
6,4,0.9977527411724352
6,5,1.126990155216216
6,6,1.2562275692599967
6,7,1.3854649833037775
6,8,1.5147023973475584
6,9,1.6439398113913393
6,10,1.7731772254351201
6,11,1.9024146394789008
6,12,2.0316520535226816
7,0,30.724658430939805
7,1,35.81106671188747
7,2,40.897474992835136
7,3,45.983883273782794
7,4,51.07029155473046
7,5,56.156699835678126
7,6,61.24310811662579
7,7,66.32951639757346
7,8,71.41592467852112
7,9,76.50233295946879
7,10,81.58874124041645
7,11,86.67514952136412
7,12,91.76155780231178
8,0,8.445989661404253
8,1,9.864668809603828
8,2,11.283347957803402
8,3,12.702027106002976
8,4,14.120706254202549
8,5,15.539385402402125
8,6,16.958064550601698
8,7,18.37674369880127
8,8,19.795422847000847
8,9,21.214101995200423
8,10,22.632781143399995
8,11,24.051460291599568
8,12,25.47013943979914
9,0,0.20652680041702734
9,1,0.7334328964466641
9,2,1.2603389924763009
9,3,1.7872450885059377
9,4,2.3141511845355747
9,5,2.8410572805652117
9,6,3.3679633765948482
9,7,3.894869472624485
9,8,4.421775568654121
9,9,4.948681664683758
9,10,5.475587760713395
9,11,6.0024938567430315
9,12,6.5293999527726685
10,0,29.100565800002805
10,1,29.41570964194075
10,2,29.730853483878697
10,3,30.045997325816643
10,4,30.36114116775459
10,5,30.676285009692535
10,6,30.99142885163048
10,7,31.306572693568427
10,8,31.621716535506373
10,9,31.93686037744432
10,10,32.252004219382265
10,11,32.56714806132021
10,12,32.88229190325816
11,0,39.28623559870563
11,1,39.7272418349064
11,2,40.16824807110717
11,3,40.609254307307936
11,4,41.050260543508706
11,5,41.49126677970948
11,6,41.93227301591025
11,7,42.37327925211102
11,8,42.81428548831178
11,9,43.25529172451255
11,10,43.69629796071332
11,11,44.137304196914094
11,12,44.578310433114865
12,0,37.28428786318277
12,1,38.59436702406892
12,2,39.90444618495507
12,3,41.214525345841224
12,4,42.52460450672737
12,5,43.834683667613525
12,6,45.14476282849968
12,7,46.45484198938583
12,8,47.76492115027198
12,9,49.075000311158135
12,10,50.38507947204428
12,11,51.695158632930436
12,12,53.00523779381659
13,0,0.36480294117647016
13,1,0.36480294117647016
13,2,0.36480294117647016
13,3,0.36480294117647016
13,4,0.36480294117647016
13,5,0.36480294117647016
13,6,0.36480294117647016
13,7,0.36480294117647016
13,8,0.36480294117647016
13,9,0.36480294117647016
13,10,0.36480294117647016
13,11,0.36480294117647016
13,12,0.36480294117647016
14,0,10.699370451439995
14,1,10.984594470808817
14,2,11.26981849017764
14,3,11.555042509546462
14,4,11.840266528915285
14,5,12.125490548284109
14,6,12.410714567652931
14,7,12.695938587021754
14,8,12.981162606390576
14,9,13.266386625759399
14,10,13.551610645128221
14,11,13.836834664497044
14,12,14.122058683865866
15,0,9.512891392164144
15,1,9.73733574859748
15,2,9.961780105030817
15,3,10.186224461464153
15,4,10.41066881789749
15,5,10.635113174330826
15,6,10.859557530764164
15,7,11.084001887197498
15,8,11.308446243630836
15,9,11.532890600064173
15,10,11.757334956497509
15,11,11.981779312930845
15,12,12.206223669364181
16,0,7.7085835179983455
16,1,7.832809708225242
16,2,7.957035898452139
16,3,8.081262088679035
16,4,8.205488278905932
16,5,8.329714469132828
16,6,8.453940659359725
16,7,8.578166849586621
16,8,8.702393039813519
16,9,8.826619230040414
16,10,8.95084542026731
16,11,9.075071610494208
16,12,9.199297800721103
17,0,14.157116597000625
17,1,14.434178943213709
17,2,14.711241289426793
17,3,14.988303635639877
17,4,15.26536598185296
17,5,15.542428328066045
17,6,15.819490674279129
17,7,16.096553020492212
17,8,16.373615366705298
17,9,16.65067771291838
17,10,16.927740059131466
17,11,17.204802405344548
17,12,17.481864751557634
18,0,16.700826299986137
18,1,17.9138418386289
18,2,19.126857377271662
18,3,20.339872915914427
18,4,21.55288845455719
18,5,22.765903993199952
18,6,23.978919531842717
18,7,25.191935070485478
18,8,26.404950609128242
18,9,27.617966147771007
18,10,28.830981686413768
18,11,30.043997225056533
18,12,31.257012763699294
19,0,10.650026005746488
19,1,11.132270428235909
19,2,11.614514850725332
19,3,12.096759273214753
19,4,12.579003695704174
19,5,13.061248118193596
19,6,13.543492540683017
19,7,14.025736963172438
19,8,14.50798138566186
19,9,14.990225808151282
19,10,15.472470230640702
19,11,15.954714653130125
19,12,16.436959075619548
20,0,108.55237579002709
20,1,115.69064783823094
20,2,122.82891988643479
20,3,129.96719193463866
20,4,137.1054639828425
20,5,144.24373603104635
20,6,151.38200807925023
20,7,158.52028012745407
20,8,165.65855217565792
20,9,172.7968242238618
20,10,179.93509627206566
20,11,187.07336832026948
20,12,194.21164036847335
21,0,54.869859028277475
21,1,55.84451879833428
21,2,56.81917856839108
21,3,57.793838338447884
21,4,58.76849810850469
21,5,59.74315787856149
21,6,60.71781764861829
21,7,61.6924774186751
21,8,62.6671371887319
21,9,63.6417969587887
21,10,64.6164567288455
21,11,65.59111649890231
21,12,66.56577626895911
22,0,82.88032001444877
22,1,84.5534847171441
22,2,86.22664941983945
22,3,87.89981412253478
22,4,89.57297882523012
22,5,91.24614352792545
22,6,92.9193082306208
22,7,94.59247293331613
22,8,96.26563763601146
22,9,97.93880233870681
22,10,99.61196704140214
22,11,101.28513174409748
22,12,102.95829644679282
23,0,115.39916474809385
23,1,118.37808787532259
23,2,121.35701100255135
23,3,124.33593412978009
23,4,127.31485725700884
23,5,130.29378038423758
23,6,133.27270351146632
23,7,136.25162663869506
23,8,139.23054976592383
23,9,142.20947289315257
23,10,145.1883960203813
23,11,148.16731914761004
23,12,151.1462422748388
24,0,549.7461085607212
24,1,579.5643936262351
24,2,609.3826786917491
24,3,639.200963757263
24,4,669.0192488227771
24,5,698.837533888291
24,6,728.655818953805
24,7,758.4741040193189
24,8,788.2923890848328
24,9,818.1106741503468
24,10,847.9289592158608
24,11,877.7472442813748
24,12,907.5655293468888
25,0,699.2038488463033
25,1,723.4712657423005
25,2,747.7386826382975
25,3,772.0060995342947
25,4,796.2735164302917
25,5,820.5409333262888
25,6,844.808350222286
25,7,869.075767118283
25,8,893.3431840142802
25,9,917.6106009102772
25,10,941.8780178062743
25,11,966.1454347022714
25,12,990.4128515982685
26,0,1042.8737951334647
26,1,1108.2800314923768
26,2,1173.6862678512891
26,3,1239.0925042102012
26,4,1304.4987405691136
26,5,1369.9049769280257
26,6,1435.3112132869378
26,7,1500.7174496458501
26,8,1566.1236860047625
26,9,1631.5299223636746
26,10,1696.9361587225867
26,11,1762.342395081499
26,12,1827.7486314404111
27,0,526.7764580822183
27,1,541.1981979641237
27,2,555.6199378460291
27,3,570.0416777279346
27,4,584.46341760984
27,5,598.8851574917454
27,6,613.3068973736508
27,7,627.7286372555564
27,8,642.1503771374618
27,9,656.5721170193672
27,10,670.9938569012726
27,11,685.415596783178
27,12,699.8373366650835
28,0,867.7078042847554
28,1,891.3952187508927
28,2,915.0826332170299
28,3,938.7700476831671
28,4,962.4574621493044
28,5,986.1448766154417
28,6,1009.8322910815789
28,7,1033.519705547716
28,8,1057.2071200138535
28,9,1080.8945344799906
28,10,1104.5819489461278
28,11,1128.2693634122652
28,12,1151.9567778784024
29,0,171.12058823529415
29,1,171.12058823529415
29,2,171.12058823529415
29,3,171.12058823529415
29,4,171.12058823529415
29,5,171.12058823529415
29,6,171.12058823529415
29,7,171.12058823529415
29,8,171.12058823529415
29,9,171.12058823529415
29,10,171.12058823529415
29,11,171.12058823529415
29,12,171.12058823529415
30,0,283.6176470588239
30,1,283.6176470588239
30,2,283.6176470588239
30,3,283.6176470588239
30,4,283.6176470588239
30,5,283.6176470588239
30,6,283.6176470588239
30,7,283.6176470588239
30,8,283.6176470588239
30,9,283.6176470588239
30,10,283.6176470588239
30,11,283.6176470588239
30,12,283.6176470588239
31,0,308.82941176470615
31,1,308.82941176470615
31,2,308.82941176470615
31,3,308.82941176470615
31,4,308.82941176470615
31,5,308.82941176470615
31,6,308.82941176470615
31,7,308.82941176470615
31,8,308.82941176470615
31,9,308.82941176470615
31,10,308.82941176470615
31,11,308.82941176470615
31,12,308.82941176470615
32,0,385.58235294117657
32,1,385.58235294117657
32,2,385.58235294117657
32,3,385.58235294117657
32,4,385.58235294117657
32,5,385.58235294117657
32,6,385.58235294117657
32,7,385.58235294117657
32,8,385.58235294117657
32,9,385.58235294117657
32,10,385.58235294117657
32,11,385.58235294117657
32,12,385.58235294117657
33,0,197.8617647058824
33,1,197.8617647058824
33,2,197.8617647058824
33,3,197.8617647058824
33,4,197.8617647058824
33,5,197.8617647058824
33,6,197.8617647058824
33,7,197.8617647058824
33,8,197.8617647058824
33,9,197.8617647058824
33,10,197.8617647058824
33,11,197.8617647058824
33,12,197.8617647058824
34,0,162.12647058823518
34,1,162.12647058823518
34,2,162.12647058823518
34,3,162.12647058823518
34,4,162.12647058823518
34,5,162.12647058823518
34,6,162.12647058823518
34,7,162.12647058823518
34,8,162.12647058823518
34,9,162.12647058823518
34,10,162.12647058823518
34,11,162.12647058823518
34,12,162.12647058823518
35,0,155.66764705882363
35,1,155.66764705882363
35,2,155.66764705882363
35,3,155.66764705882363
35,4,155.66764705882363
35,5,155.66764705882363
35,6,155.66764705882363
35,7,155.66764705882363
35,8,155.66764705882363
35,9,155.66764705882363
35,10,155.66764705882363
35,11,155.66764705882363
35,12,155.66764705882363
40,0,1.3327198362049315
40,1,1.5273634754398762
40,2,1.7220071146748208
40,3,1.9166507539097657
40,4,2.1112943931447106
40,5,2.305938032379655
40,6,2.5005816716146
40,7,2.6952253108495445
40,8,2.889868950084489
40,9,3.084512589319434
40,10,3.2791562285543785
40,11,3.473799867789323
40,12,3.6684435070242682
41,0,3.4955502488222527
41,1,4.1254460375508835
41,2,4.755341826279515
41,3,5.385237615008146
41,4,6.015133403736776
41,5,6.645029192465406
41,6,7.274924981194038
41,7,7.904820769922669
41,8,8.534716558651299
41,9,9.164612347379931
41,10,9.794508136108561
41,11,10.424403924837192
41,12,11.054299713565824
42,0,4.396974353198645
42,1,4.796043665245769
42,2,5.195112977292893
42,3,5.594182289340017
42,4,5.993251601387142
42,5,6.392320913434266
42,6,6.79139022548139
42,7,7.190459537528515
42,8,7.589528849575638
42,9,7.988598161622763
42,10,8.387667473669886
42,11,8.7867367857170109
42,12,9.185806097764136
43,0,9.348742253191405
43,1,10.426626348865689
43,2,11.504510444539973
43,3,12.582394540214256
43,4,13.66027863588854
43,5,14.738162731562824
43,6,15.816046827237107
43,7,16.89393092291139
43,8,17.971815018585673
43,9,19.04969911425996
43,10,20.127583209934244
43,11,21.205467305608526
43,12,22.283351401282808
44,0,1.1103119860576838
44,1,1.1618469650782832
44,2,1.2133819440988827
44,3,1.2649169231194821
44,4,1.3164519021400816
44,5,1.367986881160681
44,6,1.4195218601812805
44,7,1.47105683920188
44,8,1.5225918182224794
44,9,1.5741267972430788
44,10,1.6256617762636782
44,11,1.6771967552842777
44,12,1.7287317343048774
45,0,11.878392825177192
45,1,12.972703747428685
45,2,14.06701466968018
45,3,15.161325591931673
45,4,16.255636514183166
45,5,17.34994743643466
45,6,18.444258358686152
45,7,19.538569280937647
45,8,20.63288020318914
45,9,21.727191125440633
45,10,22.821502047692128
45,11,23.915812969943623
45,12,25.010123892195114
46,0,23.330331977881563
46,1,25.889449150422188
46,2,28.44856632296281
46,3,31.00768349550344
46,4,33.56680066804407
46,5,36.12591784058469
46,6,38.685035013125315
46,7,41.24415218566594
46,8,43.80326935820656
46,9,46.36238653074719
46,10,48.92150370328781
46,11,51.480620875828436
46,12,54.03973804836906
47,0,418.5986933561911
47,1,442.3414719066161
47,2,466.08425045704115
47,3,489.82702900746614
47,4,513.5698075578912
47,5,537.3125861083162
47,6,561.0553646587412
47,7,584.7981432091661
47,8,608.5409217595911
47,9,632.2837003100162
47,10,656.0264788604412
47,11,679.7692574108662
47,12,703.5120359612912
48,0,204.4991265084591
48,1,214.65092053240772
48,2,224.80271455635636
48,3,234.95450858030497
48,4,245.10630260425359
48,5,255.2580966282022
48,6,265.4098906521508
48,7,275.56168467609945
48,8,285.7134787000481
48,9,295.86527272399667
48,10,306.0170667479453
48,11,316.16886077189395
48,12,326.32065479584253
49,0,899.4090625833563
49,1,931.5871152726842
49,2,963.7651679620121
49,3,995.94322065134
49,4,1028.1212733406678
49,5,1060.2993260299959
49,6,1092.4773787193237
49,7,1124.6554314086516
49,8,1156.8334840979794
49,9,1189.0115367873073
49,10,1221.1895894766353
49,11,1253.3676421659632
49,12,1285.545694855291
50,0,298.99256423831326
50,1,307.6250831134392
50,2,316.25760198856506
50,3,324.890120863691
50,4,333.5226397388169
50,5,342.1551586139428
50,6,350.7876774890687
50,7,359.4201963641946
50,8,368.0527152393205
50,9,376.6852341144464
50,10,385.31775298957234
50,11,393.9502718646982
50,12,402.58279073982413
51,0,694.1610681119121
51,1,724.1464987977168
51,2,754.1319294835215
51,3,784.1173601693263
51,4,814.102790855131
51,5,844.0882215409358
51,6,874.0736522267405
51,7,904.0590829125453
51,8,934.04451359835
51,9,964.0299442841547
51,10,994.0153749699595
51,11,1024.0008056557642
51,12,1053.9862363415689
52,0,561.8910491197837
52,1,584.1179722422746
52,2,606.3448953647654
52,3,628.5718184872563
52,4,650.7987416097473
52,5,673.025664732238
52,6,695.252587854729
52,7,717.4795109772199
52,8,739.7064340997108
52,9,761.9333572222016
52,10,784.1602803446925
52,11,806.3872034671833
52,12,828.6141265896742
53,0,3163.1232651403566
53,1,3244.125278258817
53,2,3325.127291377278
53,3,3406.129304495739
53,4,3487.1313176142
53,5,3568.1333307326604
53,6,3649.1353438511214
53,7,3730.137356969582
53,8,3811.1393700880426
53,9,3892.1413832065036
53,10,3973.143396324964
53,11,4054.145409443425
53,12,4135.147422561886
54,0,4927.018443685998
54,1,5563.600206418242
54,2,6200.181969150486
54,3,6836.76373188273
54,4,7473.345494614974
54,5,8109.927257347218
54,6,8746.509020079462
54,7,9383.090782811705
54,8,10019.67254554395
54,9,10656.254308276195
54,10,11292.836071008438
54,11,11929.417833740681
54,12,12565.999596472926
55,0,2118.382619659962
55,1,2165.665924880578
55,2,2212.949230101194
55,3,2260.2325353218107
55,4,2307.5158405424268
55,5,2354.799145763043
55,6,2402.082450983659
55,7,2449.3657562042754
55,8,2496.6490614248914
55,9,2543.9323666455075
55,10,2591.2156718661236
55,11,2638.4989770867396
55,12,2685.782282307356
56,0,3840.1670536797283
56,1,4083.067847183119
56,2,4325.968640686509
56,3,4568.8694341899
56,4,4811.7702276932905
56,5,5054.671021196681
56,6,5297.571814700072
56,7,5540.472608203463
56,8,5783.373401706853
56,9,6026.274195210244
56,10,6269.174988713634
56,11,6512.075782217025
56,12,6754.976575720416
57,0,-3316.1933478567266
57,1,625.8674819070911
57,2,4567.928311670908
57,3,8509.989141434728
57,4,12452.049971198545
57,5,16394.110800962364
57,6,20336.17163072618
57,7,24278.23246049
57,8,28220.293290253816
57,9,32162.354120017637
57,10,36104.41494978145
57,11,40046.47577954527
57,12,43988.536609309085
58,0,218.99705882352941
58,1,218.99705882352941
58,2,218.99705882352941
58,3,218.99705882352941
58,4,218.99705882352941
58,5,218.99705882352941
58,6,218.99705882352941
58,7,218.99705882352941
58,8,218.99705882352941
58,9,218.99705882352941
58,10,218.99705882352941
58,11,218.99705882352941
58,12,218.99705882352941
59,0,119.43529411764709
59,1,119.43529411764709
59,2,119.43529411764709
59,3,119.43529411764709
59,4,119.43529411764709
59,5,119.43529411764709
59,6,119.43529411764709
59,7,119.43529411764709
59,8,119.43529411764709
59,9,119.43529411764709
59,10,119.43529411764709
59,11,119.43529411764709
59,12,119.43529411764709
60,0,5.198206706597709
60,1,5.818296627557328
60,2,6.438386548516947
60,3,7.058476469476566
60,4,7.678566390436185
60,5,8.298656311395803
60,6,8.918746232355423
60,7,9.538836153315042
60,8,10.15892607427466
60,9,10.779015995234278
60,10,11.399105916193898
60,11,12.019195837153518
60,12,12.639285758113136
61,0,17.547006652871197
61,1,18.407565457580425
61,2,19.268124262289653
61,3,20.12868306699888
61,4,20.98924187170811
61,5,21.84980067641734
61,6,22.710359481126563
61,7,23.57091828583579
61,8,24.43147709054502
61,9,25.292035895254248
61,10,26.152594699963476
61,11,27.0131535046727
61,12,27.87371230938193
62,0,18.580607553892865
62,1,20.77464811030138
62,2,22.968688666709898
62,3,25.16272922311841
62,4,27.35676977952693
62,5,29.550810335935445
62,6,31.744850892343962
62,7,33.93889144875248
62,8,36.132932005160995
62,9,38.32697256156951
62,10,40.52101311797803
62,11,42.715053674386546
62,12,44.90909423079506
63,0,28.51081022243728
63,1,33.05056173715729
63,2,37.590313251877305
63,3,42.130064766597314
63,4,46.669816281317324
63,5,51.209567796037334
63,6,55.74931931075734
63,7,60.28907082547736
63,8,64.82882234019738
63,9,69.36857385491737
63,10,73.9083253696374
63,11,78.4480768843574
63,12,82.98782839907742
64,0,40.64671912171663
64,1,43.53454415716037
64,2,46.42236919260411
64,3,49.31019422804785
64,4,52.19801926349158
64,5,55.08584429893532
64,6,57.97366933437906
64,7,60.86149436982279
64,8,63.74931940526653
64,9,66.63714444071027
64,10,69.52496947615401
64,11,72.41279451159775
64,12,75.30061954704149
65,0,11.964167045714943
65,1,12.826076752623703
65,2,13.68798645953246
65,3,14.54989616644122
65,4,15.41180587334998
65,5,16.273715580258738
65,6,17.1356252871675
65,7,17.997534994076258
65,8,18.859444700985016
65,9,19.721354407893777
65,10,20.583264114802535
65,11,21.445173821711293
65,12,22.307083528620055
66,0,0.18906040358314274
66,1,0.2347990772722465
66,2,0.28053775096135025
66,3,0.32627642465045403
66,4,0.3720150983395578
66,5,0.41775377202866154
66,6,0.4634924457177653
66,7,0.509231119406869
66,8,0.5549697930959728
66,9,0.6007084667850766
66,10,0.6464471404741803
66,11,0.6921858141632842
66,12,0.7379244878523878
67,0,9.551913058973916
67,1,21.953366689676997
67,2,34.35482032038007
67,3,46.75627395108315
67,4,59.15772758178623
67,5,71.5591812124893
67,6,83.9606348431924
67,7,96.36208847389548
67,8,108.76354210459854
67,9,121.16499573530163
67,10,133.56644936600472
67,11,145.9679029967078
67,12,158.36935662741087
68,0,27.86281954515231
68,1,29.972452190759356
68,2,32.0820848363664
68,3,34.19171748197345
68,4,36.30135012758049
68,5,38.41098277318754
68,6,40.520615418794584
68,7,42.63024806440163
68,8,44.73988071000868
68,9,46.84951335561572
68,10,48.95914600122276
68,11,51.06877864682981
68,12,53.178411292436856
69,0,5819.853186438579
69,1,6005.390119547208
69,2,6190.927052655838
69,3,6376.463985764468
69,4,6562.000918873098
69,5,6747.537851981728
69,6,6933.074785090358
69,7,7118.611718198988
69,8,7304.148651307618
69,9,7489.685584416247
69,10,7675.222517524878
69,11,7860.759450633507
69,12,8046.296383742138
70,0,504.34211330491064
70,1,638.3793358004436
70,2,772.4165582959768
70,3,906.4537807915099
70,4,1040.491003287043
70,5,1174.528225782576
70,6,1308.565448278109
70,7,1442.6026707736419
70,8,1576.639893269175
70,9,1710.677115764708
70,10,1844.7143382602412
70,11,1978.7515607557743
70,12,2112.7887832513074
71,0,1282.44555627271
71,1,1409.1981874092
71,2,1535.95081854569
71,3,1662.7034496821802
71,4,1789.4560808186702
71,5,1916.2087119551602
71,6,2042.9613430916502
71,7,2169.71397422814
71,8,2296.46660536463
71,9,2423.21923650112
71,10,2549.97186763761
71,11,2676.7244987741
71,12,2803.4771299105905
72,0,1.3062192883959196
72,1,1.525740637636589
72,2,1.7452619868772583
72,3,1.9647833361179277
72,4,2.184304685358597
72,5,2.403826034599266
72,6,2.6233473838399357
72,7,2.8428687330806053
72,8,3.0623900823212744
72,9,3.2819114315619435
72,10,3.501432780802613
72,11,3.7209541300432822
72,12,3.940475479283952
73,0,25.394439829497383
73,1,26.35391858881185
73,2,27.313397348126323
73,3,28.27287610744079
73,4,29.23235486675526
73,5,30.19183362606973
73,6,31.151312385384198
73,7,32.110791144698666
73,8,33.07026990401314
73,9,34.0297486633276
73,10,34.989227422642074
73,11,35.94870618195654
73,12,36.90818494127101
74,0,19.919781355836452
74,1,20.4797256998808
74,2,21.039670043925145
74,3,21.599614387969492
74,4,22.15955873201384
74,5,22.719503076058185
74,6,23.27944742010253
74,7,23.839391764146882
74,8,24.39933610819123
74,9,24.959280452235575
74,10,25.51922479627992
74,11,26.079169140324268
74,12,26.639113484368615
75,0,6.487554966038287
75,1,6.556767851473471
75,2,6.625980736908655
75,3,6.69519362234384
75,4,6.764406507779024
75,5,6.833619393214208
75,6,6.9028322786493925
75,7,6.972045164084577
75,8,7.041258049519762
75,9,7.110470934954946
75,10,7.17968382039013
75,11,7.248896705825314
75,12,7.318109591260499
76,0,62.13446128430017
76,1,63.08992775290458
76,2,64.04539422150899
76,3,65.0008606901134
76,4,65.95632715871781
76,5,66.91179362732221
76,6,67.86726009592662
76,7,68.82272656453104
76,8,69.77819303313544
76,9,70.73365950173985
76,10,71.68912597034426
76,11,72.64459243894868
76,12,73.60005890755308
77,0,2714.7073483260547
77,1,2773.6420267547555
77,2,2832.576705183456
77,3,2891.511383612157
77,4,2950.446062040857
77,5,3009.380740469558
77,6,3068.315418898259
77,7,3127.2500973269593
77,8,3186.18477575566
77,9,3245.1194541843606
77,10,3304.0541326130615
77,11,3362.9888110417623
77,12,3421.9234894704628
78,0,1995.84352290045
78,1,2056.8972755650498
78,2,2117.9510282296496
78,3,2179.0047808942495
78,4,2240.0585335588494
78,5,2301.1122862234492
78,6,2362.166038888049
78,7,2423.219791552649
78,8,2484.273544217249
78,9,2545.3272968818487
78,10,2606.3810495464486
78,11,2667.4348022110485
78,12,2728.4885548756483
79,0,816.8392525703147
79,1,837.736871625868
79,2,858.6344906814214
79,3,879.5321097369748
79,4,900.4297287925282
79,5,921.3273478480816
79,6,942.2249669036349
79,7,963.1225859591883
79,8,984.0202050147417
79,9,1004.9178240702951
79,10,1025.8154431258486
79,11,1046.713062181402
79,12,1067.6106812369553
80,0,4627.932936484285
80,1,4760.153098061012
80,2,4892.37325963774
80,3,5024.5934212144675
80,4,5156.813582791196
80,5,5289.033744367923
80,6,5421.25390594465
80,7,5553.474067521378
80,8,5685.694229098105
80,9,5817.914390674832
80,10,5950.13455225156
80,11,6082.3547138282875
80,12,6214.574875405015
81,0,4963.300596161286
81,1,5109.660779224588
81,2,5256.020962287889
81,3,5402.381145351191
81,4,5548.741328414491
81,5,5695.101511477793
81,6,5841.461694541094
81,7,5987.821877604396
81,8,6134.182060667697
81,9,6280.542243730999
81,10,6426.9024267943005
81,11,6573.262609857602
81,12,6719.6227929209035
82,0,1376.9117009973106
82,1,1480.2423971879066
82,2,1583.5730933785023
82,3,1686.903789569098
82,4,1790.234485759694
82,5,1893.56518195029
82,6,1996.8958781408858
82,7,2100.2265743314815
82,8,2203.5572705220775
82,9,2306.8879667126735
82,10,2410.2186629032694
82,11,2513.549359093865
82,12,2616.880055284461
83,0,28.55349136194997
83,1,30.340599968041523
83,2,32.12770857413308
83,3,33.91481718022464
83,4,35.70192578631619
83,5,37.489034392407746
83,6,39.2761429984993
83,7,41.06325160459086
83,8,42.85036021068241
83,9,44.63746881677397
83,10,46.424577422865525
83,11,48.211686028957075
83,12,49.99879463504863
84,0,7941.876302609459
84,1,8565.904944984159
84,2,9189.933587358857
84,3,9813.962229733555
84,4,10437.990872108254
84,5,11062.019514482952
84,6,11686.04815685765
84,7,12310.07679923235
84,8,12934.10544160705
84,9,13558.134083981748
84,10,14182.162726356448
84,11,14806.191368731146
84,12,15430.220011105845
85,0,6626.9478303744
85,1,7329.8522735694905
85,2,8032.756716764581
85,3,8735.66115995967
85,4,9438.565603154762
85,5,10141.470046349852
85,6,10844.374489544942
85,7,11547.278932740033
85,8,12250.183375935125
85,9,12953.087819130214
85,10,13655.992262325304
85,11,14358.896705520396
85,12,15061.801148715485
86,0,10434.6220068645
86,1,10708.25288635862
86,2,10981.883765852741
86,3,11255.51464534686
86,4,11529.145524840982
86,5,11802.776404335102
86,6,12076.407283829223
86,7,12350.038163323343
86,8,12623.669042817464
86,9,12897.299922311584
86,10,13170.930801805705
86,11,13444.561681299825
86,12,13718.192560793945
87,0,430.48137500727336
87,1,472.4254758620276
87,2,514.3695767167818
87,3,556.3136775715361
87,4,598.2577784262903
87,5,640.2018792810445
87,6,682.1459801357988
87,7,724.090080990553
87,8,766.0341818453073
87,9,807.9782827000615
87,10,849.9223835548157
87,11,891.8664844095699
87,12,933.8105852643242
88,0,10891.272946659736
88,1,11174.56833021262
88,2,11457.863713765504
88,3,11741.159097318388
88,4,12024.454480871273
88,5,12307.749864424157
88,6,12591.045247977041
88,7,12874.340631529925
88,8,13157.63601508281
88,9,13440.931398635694
88,10,13724.226782188578
88,11,14007.522165741462
88,12,14290.817549294345
89,0,4325.884592045714
89,1,4553.9991234083345
89,2,4782.113654770954
89,3,5010.228186133574
89,4,5238.342717496194
89,5,5466.457248858815
89,6,5694.571780221434
89,7,5922.686311584054
89,8,6150.800842946674
89,9,6378.915374309294
89,10,6607.029905671914
89,11,6835.144437034534
89,12,7063.258968397154
98,0,825.2395114918367
98,1,840.5712481108741
98,2,855.9029847299115
98,3,871.2347213489489
98,4,886.5664579679864
98,5,901.8981945870239
98,6,917.2299312060613
98,7,932.5616678250988
98,8,947.8934044441362
98,9,963.2251410631736
98,10,978.556877682211
98,11,993.8886143012485
98,12,1009.2203509202859
100,0,296.8058823529413
100,1,296.8058823529413
100,2,296.8058823529413
100,3,296.8058823529413
100,4,296.8058823529413
100,5,296.8058823529413
100,6,296.8058823529413
100,7,296.8058823529413
100,8,296.8058823529413
100,9,296.8058823529413
100,10,296.8058823529413
100,11,296.8058823529413
100,12,296.8058823529413
101,0,189.0816161093522
101,1,190.394792659933
101,2,191.7079692105138
101,3,193.02114576109457
101,4,194.33432231167538
101,5,195.64749886225616
101,6,196.96067541283696
101,7,198.27385196341774
101,8,199.58702851399855
101,9,200.90020506457932
101,10,202.21338161516013
101,11,203.5265581657409
101,12,204.8397347163217
102,0,2.212863876141484
102,1,2.405381998540083
102,2,2.597900120938682
102,3,2.790418243337281
102,4,2.98293636573588
102,5,3.175454488134479
102,6,3.3679726105330774
102,7,3.560490732931677
102,8,3.7530088553302754
102,9,3.945526977728875
102,10,4.138045100127473
102,11,4.330563222526072
102,12,4.523081344924671
103,0,6.168789867328054
103,1,6.500480567234368
103,2,6.832171267140683
103,3,7.163861967046997
103,4,7.495552666953311
103,5,7.8272433668596255
103,6,8.15893406676594
103,7,8.490624766672255
103,8,8.82231546657857
103,9,9.154006166484884
103,10,9.485696866391198
103,11,9.817387566297512
103,12,10.149078266203826
104,0,0.7740489901114737
104,1,0.873802846576981
104,2,0.9735567030424885
104,3,1.073310559507996
104,4,1.1730644159735033
104,5,1.272818272439011
104,6,1.372572128904518
104,7,1.4723259853700257
104,8,1.572079841835533
104,9,1.6718336983010404
104,10,1.771587554766548
104,11,1.8713414112320552
104,12,1.9710952676975628
105,0,1.396727499860818
105,1,1.4819887301675605
105,2,1.5672499604743033
105,3,1.652511190781046
105,4,1.7377724210877887
105,5,1.8230336513945313
105,6,1.908294881701274
105,7,1.9935561120080165
105,8,2.0788173423147596
105,9,2.164078572621502
105,10,2.2493398029282448
105,11,2.3346010332349874
105,12,2.41986226354173
106,0,3.8546463910588424
106,1,4.081053894662376
106,2,4.30746139826591
106,3,4.533868901869444
106,4,4.760276405472978
106,5,4.986683909076511
106,6,5.213091412680045
106,7,5.439498916283579
106,8,5.665906419887113
106,9,5.892313923490647
106,10,6.118721427094181
106,11,6.345128930697714
106,12,6.571536434301248
107,0,19.993780646981946
107,1,20.145608319320388
107,2,20.29743599165883
107,3,20.449263663997268
107,4,20.60109133633571
107,5,20.75291900867415
107,6,20.904746681012593
107,7,21.05657435335103
107,8,21.208402025689473
107,9,21.360229698027915
107,10,21.512057370366357
107,11,21.663885042704795
107,12,21.815712715043237
108,0,9.055531934057413
108,1,9.317955538146606
108,2,9.580379142235799
108,3,9.842802746324992
108,4,10.105226350414185
108,5,10.367649954503378
108,6,10.63007355859257
108,7,10.892497162681765
108,8,11.154920766770958
108,9,11.417344370860151
108,10,11.679767974949344
108,11,11.942191579038537
108,12,12.20461518312773
109,0,103.4036746560582
109,1,104.84949561946945
109,2,106.29531658288072
109,3,107.74113754629197
109,4,109.18695850970322
109,5,110.63277947311447
109,6,112.07860043652573
109,7,113.52442139993698
109,8,114.97024236334823
109,9,116.41606332675948
109,10,117.86188429017075
109,11,119.307705253582
109,12,120.75352621699325
110,0,157.1753259201535
110,1,178.18728852887594
110,2,199.1992511375984
110,3,220.21121374632082
110,4,241.22317635504328
110,5,262.23513896376573
110,6,283.24710157248813
110,7,304.2590641812106
110,8,325.271026789933
110,9,346.28298939865545
110,10,367.2949520073779
110,11,388.30691461610036
110,12,409.31887722482276
111,0,2546.0000000000064
111,1,2546.0000000000064
111,2,2546.0000000000064
111,3,2546.0000000000064
111,4,2546.0000000000064
111,5,2546.0000000000064
111,6,2546.0000000000064
111,7,2546.0000000000064
111,8,2546.0000000000064
111,9,2546.0000000000064
111,10,2546.0000000000064
111,11,2546.0000000000064
111,12,2546.0000000000064
112,0,1924.5850242100719
112,1,2082.274594301322
112,2,2239.9641643925715
112,3,2397.6537344838216
112,4,2555.343304575071
112,5,2713.0328746663213
112,6,2870.722444757571
112,7,3028.412014848821
112,8,3186.101584940071
112,9,3343.7911550313206
112,10,3501.48072512257
112,11,3659.1702952138203
112,12,3816.8598653050703
113,0,218.99705882352956
113,1,218.99705882352956
113,2,218.99705882352956
113,3,218.99705882352956
113,4,218.99705882352956
113,5,218.99705882352956
113,6,218.99705882352956
113,7,218.99705882352956
113,8,218.99705882352956
113,9,218.99705882352956
113,10,218.99705882352956
113,11,218.99705882352956
113,12,218.99705882352956
114,0,482.3705018392192
114,1,620.8637693585802
114,2,759.3570368779413
114,3,897.8503043973022
114,4,1036.3435719166632
114,5,1174.836839436024
114,6,1313.3301069553854
114,7,1451.8233744747463
114,8,1590.3166419941072
114,9,1728.8099095134685
114,10,1867.3031770328294
114,11,2005.7964445521902
114,12,2144.2897120715515
115,0,112.91920383623498
115,1,123.42149705684274
115,2,133.9237902774505
115,3,144.42608349805826
115,4,154.92837671866602
115,5,165.43066993927377
115,6,175.93296315988152
115,7,186.4352563804893
115,8,196.93754960109703
115,9,207.43984282170481
115,10,217.94213604231254
115,11,228.44442926292032
115,12,238.94672248352808
116,0,35.32727752561402
116,1,38.72063921221314
116,2,42.114000898812264
116,3,45.507362585411386
116,4,48.90072427201051
116,5,52.29408595860963
116,6,55.68744764520874
116,7,59.08080933180786
116,8,62.474171018406985
116,9,65.86753270500611
116,10,69.26089439160523
116,11,72.65425607820436
116,12,76.04761776480346
117,0,5.6677434091607175
117,1,6.60511148554458
117,2,7.542479561928442
117,3,8.479847638312304
117,4,9.417215714696166
117,5,10.354583791080028
117,6,11.291951867463888
117,7,12.22931994384775
117,8,13.166688020231613
117,9,14.104056096615475
117,10,15.041424172999337
117,11,15.978792249383199
117,12,16.91616032576706
118,0,0.6697897652842848
118,1,0.7827241150122873
118,2,0.8956584647402898
118,3,1.0085928144682923
118,4,1.1215271641962947
118,5,1.2344615139242974
118,6,1.3473958636522998
118,7,1.4603302133803022
118,8,1.5732645631083049
118,9,1.6861989128363073
118,10,1.7991332625643097
118,11,1.9120676122923121
118,12,2.0250019620203146
119,0,26.808546775312102
119,1,29.81993103074374
119,2,32.831315286175375
119,3,35.84269954160702
119,4,38.854083797038655
119,5,41.86546805247029
119,6,44.87685230790193
119,7,47.888236563333564
119,8,50.8996208187652
119,9,53.91100507419684
119,10,56.92238932962847
119,11,59.93377358506011
119,12,62.94515784049175
120,0,2.173391123606246
120,1,2.518800220461035
120,2,2.8642093173158236
120,3,3.2096184141706123
120,4,3.5550275110254006
120,5,3.9004366078801898
120,6,4.245845704734978
120,7,4.591254801589766
120,8,4.9366638984445554
120,9,5.282072995299345
120,10,5.627482092154133
120,11,5.972891189008921
120,12,6.31830028586371
121,0,148.48962734553058
121,1,160.55385852576967
121,2,172.61808970600876
121,3,184.68232088624785
121,4,196.74655206648697
121,5,208.81078324672603
121,6,220.87501442696515
121,7,232.93924560720424
121,8,245.00347678744333
121,9,257.0677079676824
121,10,269.1319391479215
121,11,281.19617032816063
121,12,293.2604015083997
122,0,119.42665315458974
122,1,122.37714447997102
122,2,125.32763580535229
122,3,128.27812713073357
122,4,131.22861845611484
122,5,134.17910978149612
122,6,137.12960110687737
122,7,140.08009243225865
122,8,143.03058375763993
122,9,145.9810750830212
122,10,148.9315664084025
122,11,151.88205773378377
122,12,154.83254905916505
123,0,248.55960528698972
123,1,268.6695628852239
123,2,288.7795204834581
123,3,308.8894780816923
123,4,328.9994356799265
123,5,349.10939327816067
123,6,369.21935087639486
123,7,389.329308474629
123,8,409.43926607286323
123,9,429.54922367109737
123,10,449.6591812693316
123,11,469.76913886756574
123,12,489.87909646579993
124,0,28.880065110447525
124,1,31.98794931666633
124,2,35.09583352288514
124,3,38.20371772910394
124,4,41.31160193532275
124,5,44.419486141541555
124,6,47.52737034776037
124,7,50.635254553979166
124,8,53.74313876019798
124,9,56.85102296641678
124,10,59.95890717263559
124,11,63.0667913788544
124,12,66.1746755850732
125,0,21.52848982834356
125,1,24.75532436435672
125,2,27.982158900369882
125,3,31.20899343638304
125,4,34.435827972396204
125,5,37.66266250840936
125,6,40.88949704442253
125,7,44.116331580435684
125,8,47.34316611644884
125,9,50.57000065246201
125,10,53.796835188475164
125,11,57.02366972448833
125,12,60.250504260501486
126,0,43.26726512203336
126,1,47.16054002618973
126,2,51.0538149303461
126,3,54.947089834502464
126,4,58.840364738658835
126,5,62.733639642815206
126,6,66.62691454697158
126,7,70.52018945112795
126,8,74.41346435528432
126,9,78.30673925944069
126,10,82.20001416359705
126,11,86.09328906775343
126,12,89.98656397190979
127,0,430.62680520671995
127,1,444.11437556835375
127,2,457.60194592998755
127,3,471.0895162916214
127,4,484.5770866532552
127,5,498.064657014889
127,6,511.5522273765228
127,7,525.0397977381566
127,8,538.5273680997905
127,9,552.0149384614242
127,10,565.5025088230581
127,11,578.9900791846919
127,12,592.4776495463257
128,0,42.92693535027708
128,1,51.571835102780256
128,2,60.216734855283434
128,3,68.86163460778661
128,4,77.50653436028979
128,5,86.15143411279297
128,6,94.79633386529615
128,7,103.44123361779933
128,8,112.0861333703025
128,9,120.73103312280568
128,10,129.37593287530888
128,11,138.02083262781204
128,12,146.6657323803152
129,0,1991.7330620532687
129,1,2136.0662090584883
129,2,2280.399356063708
129,3,2424.732503068928
129,4,2569.065650074148
129,5,2713.3987970793673
129,6,2857.731944084587
129,7,3002.065091089807
129,8,3146.3982380950265
129,9,3290.7313851002464
129,10,3435.0645321054662
129,11,3579.397679110686
129,12,3723.730826115906
130,0,1888.3222308861627
130,1,1997.857595690763
130,2,2107.3929604953632
130,3,2216.9283252999635
130,4,2326.4636901045633
130,5,2435.9990549091635
130,6,2545.534419713764
130,7,2655.069784518364
130,8,2764.6051493229643
130,9,2874.1405141275645
130,10,2983.675878932165
130,11,3093.211243736765
130,12,3202.7466085413653
131,0,2180.1428530647017
131,1,2336.484103903571
131,2,2492.82535474244
131,3,2649.1666055813093
131,4,2805.507856420178
131,5,2961.8491072590473
131,6,3118.1903580979165
131,7,3274.5316089367852
131,8,3430.8728597756544
131,9,3587.2141106145236
131,10,3743.555361453393
131,11,3899.896612292262
131,12,4056.2378631311312
132,0,2038.6551205320875
132,1,2182.6713883638768
132,2,2326.6876561956656
132,3,2470.703924027455
132,4,2614.720191859244
132,5,2758.736459691033
132,6,2902.752727522822
132,7,3046.7689953546114
132,8,3190.7852631864007
132,9,3334.8015310181895
132,10,3478.8177988499788
132,11,3622.8340666817676
132,12,3766.850334513557
133,0,10.650998466509074
133,1,13.474144413781342
133,2,16.297290361053612
133,3,19.12043630832588
133,4,21.943582255598148
133,5,24.766728202870418
133,6,27.589874150142684
133,7,30.41302009741495
133,8,33.236166044687224
133,9,36.05931199195949
133,10,38.882457939231756
133,11,41.70560388650403
133,12,44.528749833776295
134,0,45.865541547629746
134,1,49.135794780884794
134,2,52.40604801413984
134,3,55.67630124739489
134,4,58.94655448064994
134,5,62.216807713904984
134,6,65.48706094716002
134,7,68.75731418041508
134,8,72.02756741367011
134,9,75.29782064692517
134,10,78.56807388018021
134,11,81.83832711343527
134,12,85.1085803466903
135,0,16.485628694610963
135,1,17.553985224959366
135,2,18.622341755307765
135,3,19.69069828565617
135,4,20.759054816004568
135,5,21.82741134635297
135,6,22.89576787670137
135,7,23.964124407049773
135,8,25.032480937398176
135,9,26.100837467746576
135,10,27.169193998094975
135,11,28.23755052844338
135,12,29.30590705879178
136,0,1.4734779972918755
136,1,1.6110178916920876
136,2,1.7485577860923
136,3,1.8860976804925123
136,4,2.0236375748927244
136,5,2.1611774692929364
136,6,2.298717363693149
136,7,2.4362572580933612
136,8,2.573797152493573
136,9,2.7113370468937856
136,10,2.848876941293998
136,11,2.98641683569421
136,12,3.1239567300944224
137,0,109.83298003949241
137,1,117.01782205751576
137,2,124.2026640755391
137,3,131.38750609356245
137,4,138.5723481115858
137,5,145.75719012960914
137,6,152.9420321476325
137,7,160.12687416565583
137,8,167.31171618367918
137,9,174.49655820170253
137,10,181.68140021972587
137,11,188.86624223774922
137,12,196.05108425577257
138,0,1173.2495305368861
138,1,1243.339582342024
138,2,1313.429634147162
138,3,1383.5196859522998
138,4,1453.6097377574379
138,5,1523.6997895625757
138,6,1593.7898413677135
138,7,1663.8798931728516
138,8,1733.9699449779894
138,9,1804.0599967831272
138,10,1874.1500485882652
138,11,1944.240100393403
138,12,2014.3301521985409
139,0,8.02797580141964
139,1,9.387969435447918
139,2,10.747963069476198
139,3,12.107956703504476
139,4,13.467950337532756
139,5,14.827943971561034
139,6,16.187937605589312
139,7,17.54793123961759
139,8,18.907924873645868
139,9,20.267918507674146
139,10,21.627912141702428
139,11,22.987905775730706
139,12,24.347899409758984
140,0,240.48922631855373
140,1,247.1475003650071
140,2,253.80577441146045
140,3,260.4640484579138
140,4,267.12232250436716
140,5,273.7805965508205
140,6,280.4388705972738
140,7,287.0971446437272
140,8,293.75541869018053
140,9,300.4136927366339
140,10,307.07196678308725
140,11,313.7302408295406
140,12,320.38851487599396
141,0,28.35035253418915
141,1,35.168963771066274
141,2,41.98757500794339
141,3,48.80618624482051
141,4,55.624797481697634
141,5,62.44340871857475
141,6,69.26201995545188
141,7,76.08063119232901
141,8,82.89924242920611
141,9,89.71785366608324
141,10,96.53646490296035
141,11,103.35507613983748
141,12,110.17368737671461
142,0,670.6563678980848
142,1,720.8154363617226
142,2,770.9745048253606
142,3,821.1335732889984
142,4,871.2926417526362
142,5,921.4517102162741
142,6,971.610778679912
142,7,1021.7698471435499
142,8,1071.9289156071877
142,9,1122.0879840708255
142,10,1172.2470525344634
142,11,1222.4061209981014
142,12,1272.565189461739
143,0,600.1565370275836
143,1,646.6121298235299
143,2,693.0677226194762
143,3,739.5233154154225
143,4,785.9789082113689
143,5,832.4345010073152
143,6,878.8900938032615
143,7,925.3456865992079
143,8,971.8012793951541
143,9,1018.2568721911005
143,10,1064.7124649870468
143,11,1111.1680577829932
143,12,1157.6236505789393
144,0,35.133068598793585
144,1,45.827406244169524
144,2,56.52174388954546
144,3,67.21608153492139
144,4,77.91041918029734
144,5,88.60475682567326
144,6,99.2990944710492
144,7,109.99343211642514
144,8,120.68776976180108
144,9,131.38210740717702
144,10,142.07644505255297
144,11,152.7707826979289
144,12,163.46512034330482
145,0,226.72941176470596
145,1,226.72941176470596
145,2,226.72941176470596
145,3,226.72941176470596
145,4,226.72941176470596
145,5,226.72941176470596
145,6,226.72941176470596
145,7,226.72941176470596
145,8,226.72941176470596
145,9,226.72941176470596
145,10,226.72941176470596
145,11,226.72941176470596
145,12,226.72941176470596
97,0,30999.999999999975
97,1,31999.999999999978
97,2,32999.99999999998
97,3,33999.999999999985
97,4,34999.999999999985
97,5,35999.999999999985
97,6,36999.99999999999
97,7,37999.99999999999
97,8,39000
97,9,40000
97,10,41000
97,11,42000.00000000001
97,12,43000.00000000001
99,0,50696.42857142858
99,1,51785.7142857143
99,2,52875.00000000001
99,3,53964.285714285725
99,4,55053.571428571435
99,5,56142.85714285715
99,6,57232.14285714287
99,7,58321.42857142858
99,8,59410.7142857143
99,9,60500.000000000015
99,10,61589.285714285725
99,11,62678.57142857144
99,12,63767.85714285716
96,0,79999.99999999999
96,1,80999.99999999999
96,2,81999.99999999999
96,3,82999.99999999999
96,4,83999.99999999999
96,5,85000
96,6,86000
96,7,87000
96,8,88000
96,9,89000
96,10,90000
96,11,91000
96,12,92000
91,0,111642.85714285713
91,1,112821.42857142857
91,2,113999.99999999999
91,3,115178.57142857142
91,4,116357.14285714284
91,5,117535.71428571428
91,6,118714.28571428571
91,7,119892.85714285713
91,8,121071.42857142857
91,9,122249.99999999999
91,10,123428.57142857142
91,11,124607.14285714284
91,12,125785.71428571428
95,0,224999.9999999999
95,1,229999.9999999999
95,2,234999.9999999999
95,3,239999.99999999994
95,4,244999.99999999994
95,5,249999.99999999994
95,6,254999.99999999994
95,7,259999.99999999994
95,8,264999.99999999994
95,9,270000
95,10,275000
95,11,280000
95,12,285000
94,0,800000.0000000002
94,1,810000.0000000002
94,2,820000.0000000002
94,3,830000.0000000002
94,4,840000.0000000002
94,5,850000.0000000002
94,6,860000.0000000002
94,7,870000.0000000002
94,8,880000.0000000002
94,9,890000.0000000002
94,10,900000.0000000002
94,11,910000.0000000002
94,12,920000.0000000002
